species,site,year,mean,se
C. septentrionalis,Avery,2023,0.0695,0.012385794
,,2024,0.0805,0.010038741
,Copper Creek,2024,0.066,0.006545388
,Emerald Lake,2023,0.0475,0.006277571
,,2024,0.0555,0.006344289
C. linariifolia,Deer Creek 1,2023,0.2005,0.039165472
,,2024,0.1155,0.023311111
,Deer Creek 2,2023,0.134,0.026141316
,,2024,0.1425,0.025338498
,Johnson Hill,2024,0.1,0.020468204
C. chromosa,Almont,2024,0.0195,0.002111996